day_in_year,hr,mean_power,seq
01/01/2017,0,29197.974683,1
01/01/2017,1,24657.21519,2
01/01/2017,2,22083.037973,3
01/01/2017,3,20811.13924,4
01/01/2017,4,20475.949367,5
01/01/2017,5,20807.088607,6
01/01/2017,6,21648.607595,7
01/01/2017,7,18540.759495,8
01/01/2017,8,19605.06329,9
01/01/2017,9,22905.316455,10
01/01/2017,10,26685.56962,11
01/01/2017,11,29288.101265,12
01/01/2017,12,29889.620255,13
01/01/2017,13,30231.898735,14
01/01/2017,14,29898.734177,15
01/01/2017,15,29218.227847,16
01/01/2017,16,28730.126583,17
01/01/2017,17,34423.291137,18
01/01/2017,18,39619.240507,19
01/01/2017,19,40318.987342,20
01/01/2017,20,40371.645568,21
01/01/2017,21,38712.911392,22
01/01/2017,22,34972.151897,23
01/01/2017,23,30072.911392,24
02/01/2017,0,25303.291138,25
02/01/2017,1,22512.405062,26
02/01/2017,2,20945.822783,27
02/01/2017,3,20097.215188,28
02/01/2017,4,20066.835442,29
02/01/2017,5,20838.481012,30
02/01/2017,6,23307.341773,31
02/01/2017,7,22895.189872,32
02/01/2017,8,24368.607595,33
02/01/2017,9,24505.316455,34
02/01/2017,10,26384.810127,35
02/01/2017,11,28224.810127,36
02/01/2017,12,29581.772152,37
02/01/2017,13,29485.56962,38
02/01/2017,14,28611.64557,39
02/01/2017,15,28971.13924,40
02/01/2017,16,29996.962027,41
02/01/2017,17,37022.784812,42
02/01/2017,18,41747.8481,43
02/01/2017,19,41498.734178,44
02/01/2017,20,41096.708862,45
02/01/2017,21,39461.265823,46
02/01/2017,22,35830.886075,47
02/01/2017,23,30112.405063,48
03/01/2017,0,25269.873417,49
03/01/2017,1,22636.962025,50
03/01/2017,2,21371.139242,51
03/01/2017,3,20557.974682,52
03/01/2017,4,20116.455698,53
03/01/2017,5,21034.93671,54
03/01/2017,6,24105.316455,55
03/01/2017,7,24204.55696,56
03/01/2017,8,25145.316457,57
03/01/2017,9,28354.430378,58
03/01/2017,10,31190.886077,59
03/01/2017,11,33065.316457,60
03/01/2017,12,33998.987342,61
03/01/2017,13,33623.291138,62
03/01/2017,14,32410.126582,63
03/01/2017,15,32293.670887,64
03/01/2017,16,32090.126582,65
03/01/2017,17,37828.86076,66
03/01/2017,18,42768.607593,67
03/01/2017,19,42546.835443,68
03/01/2017,20,42245.06329,69
03/01/2017,21,40194.43038,70
03/01/2017,22,35961.518987,71
03/01/2017,23,30484.050635,72
04/01/2017,0,26271.392407,73
04/01/2017,1,23247.594938,74
04/01/2017,2,22007.088605,75
04/01/2017,3,21329.620252,76
04/01/2017,4,20240,77
04/01/2017,5,21350.886077,78
04/01/2017,6,24277.468355,79
04/01/2017,7,24287.594937,80
04/01/2017,8,25282.025317,81
04/01/2017,9,28268.35443,82
04/01/2017,10,30143.79747,83
04/01/2017,11,32812.151898,84
04/01/2017,12,34139.746835,85
04/01/2017,13,33335.696202,86
04/01/2017,14,32525.56962,87
04/01/2017,15,32316.962027,88
04/01/2017,16,31615.189873,89
04/01/2017,17,37109.873418,90
04/01/2017,18,43216.202533,91
04/01/2017,19,42815.189872,92
04/01/2017,20,42382.784808,93
04/01/2017,21,40226.835443,94
04/01/2017,22,36415.189872,95
04/01/2017,23,30938.734178,96
05/01/2017,0,25979.746835,97
05/01/2017,1,22892.151898,98
05/01/2017,2,21503.797468,99
05/01/2017,3,21075.443038,100
05/01/2017,4,20864.810128,101
05/01/2017,5,21619.240508,102
05/01/2017,6,23991.898737,103
05/01/2017,7,24311.898737,104
05/01/2017,8,25332.658228,105
05/01/2017,9,28410.126583,106
05/01/2017,10,30741.265823,107
05/01/2017,11,32541.772153,108
05/01/2017,12,33379.240508,109
05/01/2017,13,33581.772152,110
05/01/2017,14,32695.696203,111
05/01/2017,15,31992.91139,112
05/01/2017,16,31713.41772,113
05/01/2017,17,37397.468353,114
05/01/2017,18,43572.658227,115
05/01/2017,19,43395.44304,116
05/01/2017,20,42954.936708,117
05/01/2017,21,40561.01266,118
05/01/2017,22,36883.037975,119
05/01/2017,23,31877.468353,120
06/01/2017,0,27172.658228,121
06/01/2017,1,23968.607595,122
06/01/2017,2,22291.64557,123
06/01/2017,3,21861.265823,124
06/01/2017,4,21453.164557,125
06/01/2017,5,21987.8481,126
06/01/2017,6,23874.43038,127
06/01/2017,7,23613.164558,128
06/01/2017,8,24894.177215,129
06/01/2017,9,28254.177217,130
06/01/2017,10,31364.050633,131
06/01/2017,11,33263.797468,132
06/01/2017,12,32281.518988,133
06/01/2017,13,32583.291138,134
06/01/2017,14,32166.075948,135
06/01/2017,15,31565.56962,136
06/01/2017,16,31766.07595,137
06/01/2017,17,37334.683547,138
06/01/2017,18,42924.556962,139
06/01/2017,19,42248.101265,140
06/01/2017,20,41920.000002,141
06/01/2017,21,40153.924048,142
06/01/2017,22,36515.443038,143
06/01/2017,23,31635.443038,144
07/01/2017,0,27193.924052,145
07/01/2017,1,23961.518987,146
07/01/2017,2,22588.35443,147
07/01/2017,3,21849.113925,148
07/01/2017,4,21502.78481,149
07/01/2017,5,22133.670887,150
07/01/2017,6,23711.392405,151
07/01/2017,7,23095.696202,152
07/01/2017,8,24576.202532,153
07/01/2017,9,29736.70886,154
07/01/2017,10,32463.797468,155
07/01/2017,11,33772.151898,156
07/01/2017,12,34033.41772,157
07/01/2017,13,33486.582277,158
07/01/2017,14,32428.35443,159
07/01/2017,15,31467.341772,160
07/01/2017,16,30612.658228,161
07/01/2017,17,36232.911392,162
07/01/2017,18,41583.797468,163
07/01/2017,19,40846.582277,164
07/01/2017,20,40649.113923,165
07/01/2017,21,39227.341773,166
07/01/2017,22,36025.316455,167
07/01/2017,23,31526.07595,168
08/01/2017,0,26633.924052,169
08/01/2017,1,23640.506328,170
08/01/2017,2,21817.72152,171
08/01/2017,3,20831.392407,172
08/01/2017,4,20688.607595,173
08/01/2017,5,21004.556962,174
08/01/2017,6,22544.810128,175
08/01/2017,7,19838.987342,176
08/01/2017,8,21153.417722,177
08/01/2017,9,25160.50633,178
08/01/2017,10,29874.43038,179
08/01/2017,11,32192.405062,180
08/01/2017,12,32911.392405,181
08/01/2017,13,33279.999998,182
08/01/2017,14,32392.911393,183
08/01/2017,15,31365.063292,184
08/01/2017,16,30446.582278,185
08/01/2017,17,34912.405062,186
08/01/2017,18,40689.620253,187
08/01/2017,19,41525.063292,188
08/01/2017,20,41095.696202,189
08/01/2017,21,39589.873417,190
08/01/2017,22,35763.037975,191
08/01/2017,23,30085.063293,192
09/01/2017,0,25735.696202,193
09/01/2017,1,22778.734177,194
09/01/2017,2,21659.746835,195
09/01/2017,3,20750.379747,196
09/01/2017,4,20070.886075,197
09/01/2017,5,20166.07595,198
09/01/2017,6,22882.025318,199
09/01/2017,7,23162.531645,200
09/01/2017,8,25051.139242,201
09/01/2017,9,27923.037975,202
09/01/2017,10,31152.405065,203
09/01/2017,11,33616.20253,204
09/01/2017,12,33856.202533,205
09/01/2017,13,34044.556962,206
09/01/2017,14,32716.962027,207
09/01/2017,15,32035.443037,208
09/01/2017,16,31355.949367,209
09/01/2017,17,36961.012658,210
09/01/2017,18,43337.721517,211
09/01/2017,19,42882.025317,212
09/01/2017,20,42337.21519,213
09/01/2017,21,40523.544303,214
09/01/2017,22,36894.177215,215
09/01/2017,23,31072.405065,216
10/01/2017,0,26808.101265,217
10/01/2017,1,24114.430378,218
10/01/2017,2,22617.721518,219
10/01/2017,3,22123.544303,220
10/01/2017,4,21799.49367,221
10/01/2017,5,22428.35443,222
10/01/2017,6,24864.810125,223
10/01/2017,7,24777.721518,224
10/01/2017,8,26118.481012,225
10/01/2017,9,29215.189872,226
10/01/2017,10,32407.088605,227
10/01/2017,11,34316.962023,228
10/01/2017,12,35157.468355,229
10/01/2017,13,35207.088607,230
10/01/2017,14,34593.417722,231
10/01/2017,15,33701.265822,232
10/01/2017,16,33927.088605,233
10/01/2017,17,38522.531645,234
10/01/2017,18,44421.265822,235
10/01/2017,19,43608.101267,236
10/01/2017,20,43183.797467,237
10/01/2017,21,41019.746833,238
10/01/2017,22,37440,239
10/01/2017,23,32345.316457,240
11/01/2017,0,27692.1519,241
11/01/2017,1,24809.113923,242
11/01/2017,2,23112.911392,243
11/01/2017,3,22335.189872,244
11/01/2017,4,22111.392407,245
11/01/2017,5,22670.379748,246
11/01/2017,6,24252.151897,247
11/01/2017,7,21324.556963,248
11/01/2017,8,23224.303797,249
11/01/2017,9,26857.72152,250
11/01/2017,10,30545.822785,251
11/01/2017,11,33227.341772,252
11/01/2017,12,33957.468353,253
11/01/2017,13,33842.025317,254
11/01/2017,14,33289.113923,255
11/01/2017,15,32352.405063,256
11/01/2017,16,31906.835445,257
11/01/2017,17,36395.949368,258
11/01/2017,18,43511.898733,259
11/01/2017,19,43317.468355,260
11/01/2017,20,43147.341772,261
11/01/2017,21,41233.417722,262
11/01/2017,22,37779.240507,263
11/01/2017,23,32490.126583,264
12/01/2017,0,27503.79747,265
12/01/2017,1,24614.683542,266
12/01/2017,2,23113.924052,267
12/01/2017,3,22286.582278,268
12/01/2017,4,21904.810127,269
12/01/2017,5,22417.21519,270
12/01/2017,6,24866.835442,271
12/01/2017,7,24814.177217,272
12/01/2017,8,26269.367092,273
12/01/2017,9,30000,274
12/01/2017,10,32971.13924,275
12/01/2017,11,35158.481013,276
12/01/2017,12,36164.050633,277
12/01/2017,13,35520,278
12/01/2017,14,34684.556963,279
12/01/2017,15,33514.93671,280
12/01/2017,16,33054.177215,281
12/01/2017,17,37527.088607,282
12/01/2017,18,44260.253163,283
12/01/2017,19,43891.645568,284
12/01/2017,20,43487.594938,285
12/01/2017,21,41544.303798,286
12/01/2017,22,37836.962025,287
12/01/2017,23,32416.202533,288
13/01/2017,0,27510.886075,289
13/01/2017,1,24625.822785,290
13/01/2017,2,23282.025317,291
13/01/2017,3,22396.962025,292
13/01/2017,4,22183.29114,293
13/01/2017,5,22979.240507,294
13/01/2017,6,25200,295
13/01/2017,7,25087.594937,296
13/01/2017,8,25849.113925,297
13/01/2017,9,28554.936708,298
13/01/2017,10,31521.01266,299
13/01/2017,11,33754.936707,300
13/01/2017,12,33501.77215,301
13/01/2017,13,33516.962027,302
13/01/2017,14,33183.797467,303
13/01/2017,15,32764.556963,304
13/01/2017,16,32629.873415,305
13/01/2017,17,37349.873418,306
13/01/2017,18,43534.177215,307
13/01/2017,19,43306.329115,308
13/01/2017,20,42627.8481,309
13/01/2017,21,40579.240508,310
13/01/2017,22,37165.569622,311
13/01/2017,23,32320,312
14/01/2017,0,27818.734177,313
14/01/2017,1,24587.341773,314
14/01/2017,2,22832.405063,315
14/01/2017,3,22038.48101,316
14/01/2017,4,21978.734177,317
14/01/2017,5,22630.886077,318
14/01/2017,6,24803.037977,319
14/01/2017,7,23113.92405,320
14/01/2017,8,24645.063292,321
14/01/2017,9,28377.72152,322
14/01/2017,10,32061.772153,323
14/01/2017,11,33933.164558,324
14/01/2017,12,34408.101267,325
14/01/2017,13,34396.962027,326
14/01/2017,14,32752.405062,327
14/01/2017,15,31766.07595,328
14/01/2017,16,31704.303798,329
14/01/2017,17,35730.632912,330
14/01/2017,18,42324.050632,331
14/01/2017,19,42041.518987,332
14/01/2017,20,41438.987342,333
14/01/2017,21,39775.189872,334
14/01/2017,22,36744.303797,335
14/01/2017,23,28128.607595,336
15/01/2017,0,25577.721518,337
15/01/2017,1,19373.164557,338
15/01/2017,2,17353.92405,339
15/01/2017,3,16338.227847,340
15/01/2017,4,15908.860762,341
15/01/2017,5,16288.607595,342
15/01/2017,6,17296.202532,343
15/01/2017,7,14329.113923,344
15/01/2017,8,15346.835443,345
15/01/2017,9,18377.72152,346
15/01/2017,10,22342.27848,347
15/01/2017,11,24767.594938,348
15/01/2017,12,28669.367088,349
15/01/2017,13,31925.06329,350
15/01/2017,14,31148.354433,351
15/01/2017,15,30299.746837,352
15/01/2017,16,29600,353
15/01/2017,17,33433.924052,354
15/01/2017,18,40677.468353,355
15/01/2017,19,41846.075948,356
15/01/2017,20,42320,357
15/01/2017,21,40261.265823,358
15/01/2017,22,37180.759495,359
15/01/2017,23,31854.177215,360
16/01/2017,0,25689.113925,361
16/01/2017,1,20683.544302,362
16/01/2017,2,19293.164557,363
16/01/2017,3,18972.151898,364
16/01/2017,4,20017.21519,365
16/01/2017,5,21791.392405,366
16/01/2017,6,23734.683545,367
16/01/2017,7,24100.253165,368
16/01/2017,8,25292.151897,369
16/01/2017,9,28600.50633,370
16/01/2017,10,31733.670885,371
16/01/2017,11,33893.670887,372
16/01/2017,12,35034.93671,373
16/01/2017,13,34893.16456,374
16/01/2017,14,33614.177217,375
16/01/2017,15,32615.696203,376
16/01/2017,16,32133.670887,377
16/01/2017,17,36107.341772,378
16/01/2017,18,43663.797468,379
16/01/2017,19,43402.531645,380
16/01/2017,20,42816.202533,381
16/01/2017,21,38437.468357,382
16/01/2017,22,35807.594935,383
16/01/2017,23,31766.075948,384
17/01/2017,0,26957.974685,385
17/01/2017,1,24134.683545,386
17/01/2017,2,22681.518987,387
17/01/2017,3,22131.645568,388
17/01/2017,4,21738.734178,389
17/01/2017,5,22672.405062,390
17/01/2017,6,25068.354432,391
17/01/2017,7,25252.658228,392
17/01/2017,8,26327.088608,393
17/01/2017,9,29557.468357,394
17/01/2017,10,32466.835442,395
17/01/2017,11,34617.721518,396
17/01/2017,12,35882.531647,397
17/01/2017,13,35042.025318,398
17/01/2017,14,33595.949368,399
17/01/2017,15,33521.012658,400
17/01/2017,16,32783.79747,401
17/01/2017,17,36558.987343,402
17/01/2017,18,44377.721518,403
17/01/2017,19,44157.974683,404
17/01/2017,20,43850.126583,405
17/01/2017,21,41845.06329,406
17/01/2017,22,37273.92405,407
17/01/2017,23,31463.29114,408
18/01/2017,0,27048.101265,409
18/01/2017,1,23975.696203,410
18/01/2017,2,22896.20253,411
18/01/2017,3,22216.708862,412
18/01/2017,4,21878.481013,413
18/01/2017,5,22913.417722,414
18/01/2017,6,25343.797467,415
18/01/2017,7,25068.35443,416
18/01/2017,8,27029.873418,417
18/01/2017,9,30353.417722,418
18/01/2017,10,34226.835442,419
18/01/2017,11,36638.987342,420
18/01/2017,12,37590.886077,421
18/01/2017,13,38044.55696,422
18/01/2017,14,38087.088607,423
18/01/2017,15,37466.329112,424
18/01/2017,16,36839.493672,425
18/01/2017,17,39201.012658,426
18/01/2017,18,44904.303797,427
18/01/2017,19,44831.392405,428
18/01/2017,20,43235.443037,429
18/01/2017,21,41009.620253,430
18/01/2017,22,36917.468353,431
18/01/2017,23,30934.683543,432
19/01/2017,0,26356.455695,433
19/01/2017,1,23470.379748,434
19/01/2017,2,22092.151897,435
19/01/2017,3,21432.911392,436
19/01/2017,4,21035.949368,437
19/01/2017,5,21706.329113,438
19/01/2017,6,24067.848102,439
19/01/2017,7,23864.303797,440
19/01/2017,8,25436.962023,441
19/01/2017,9,28549.87342,442
19/01/2017,10,32038.481012,443
19/01/2017,11,34135.696202,444
19/01/2017,12,34947.8481,445
19/01/2017,13,35392.405065,446
19/01/2017,14,34773.670885,447
19/01/2017,15,35849.113923,448
19/01/2017,16,35731.645568,449
19/01/2017,17,39614.177217,450
19/01/2017,18,45774.177215,451
19/01/2017,19,45447.088607,452
19/01/2017,20,45141.265822,453
19/01/2017,21,42868.86076,454
19/01/2017,22,38720.000002,455
19/01/2017,23,32917.468353,456
20/01/2017,0,27848.101267,457
20/01/2017,1,24448.607597,458
20/01/2017,2,22911.392405,459
20/01/2017,3,21894.683543,460
20/01/2017,4,21698.227848,461
20/01/2017,5,22317.974683,462
20/01/2017,6,24429.367088,463
20/01/2017,7,23745.822787,464
20/01/2017,8,25256.70886,465
20/01/2017,9,28804.050633,466
20/01/2017,10,32163.037977,467
20/01/2017,11,34640,468
20/01/2017,12,34940.759495,469
20/01/2017,13,35345.822787,470
20/01/2017,14,35422.78481,471
20/01/2017,15,33793.417722,472
20/01/2017,16,31493.670887,473
20/01/2017,17,34504.303797,474
20/01/2017,18,42566.07595,475
20/01/2017,19,43885.56962,476
20/01/2017,20,43536.20253,477
20/01/2017,21,42897.21519,478
20/01/2017,22,39805.569623,479
20/01/2017,23,34446.582277,480
21/01/2017,0,28655.189875,481
21/01/2017,1,25089.620253,482
21/01/2017,2,23371.13924,483
21/01/2017,3,22274.430378,484
21/01/2017,4,22015.189875,485
21/01/2017,5,22531.645568,486
21/01/2017,6,24373.670885,487
21/01/2017,7,22666.329113,488
21/01/2017,8,24455.696203,489
21/01/2017,9,28500.253165,490
21/01/2017,10,32243.037975,491
21/01/2017,11,34741.265823,492
21/01/2017,12,35061.265823,493
21/01/2017,13,35415.696203,494
21/01/2017,14,34316.962025,495
21/01/2017,15,33609.113925,496
21/01/2017,16,32744.303797,497
21/01/2017,17,36008.101267,498
21/01/2017,18,44119.493672,499
21/01/2017,19,44416.20253,500
21/01/2017,20,44034.43038,501
21/01/2017,21,42402.025317,502
21/01/2017,22,38961.012658,503
21/01/2017,23,34266.329113,504
22/01/2017,0,28452.658227,505
22/01/2017,1,24868.86076,506
22/01/2017,2,22447.594937,507
22/01/2017,3,21535.189873,508
22/01/2017,4,20904.303797,509
22/01/2017,5,21367.088607,510
22/01/2017,6,22783.797467,511
22/01/2017,7,20784.810128,512
22/01/2017,8,22428.35443,513
22/01/2017,9,25981.772152,514
22/01/2017,10,30362.531647,515
22/01/2017,11,33944.303795,516
22/01/2017,12,35265.822785,517
22/01/2017,13,36174.177213,518
22/01/2017,14,35228.354432,519
22/01/2017,15,34132.658228,520
22/01/2017,16,32795.949367,521
22/01/2017,17,34027.341772,522
22/01/2017,18,41183.797468,523
22/01/2017,19,41930.126582,524
22/01/2017,20,42817.215188,525
22/01/2017,21,41721.518987,526
22/01/2017,22,38335.189875,527
22/01/2017,23,32647.088607,528
23/01/2017,0,27724.556958,529
23/01/2017,1,24430.379748,530
23/01/2017,2,23052.151898,531
23/01/2017,3,22100.253167,532
23/01/2017,4,22091.139242,533
23/01/2017,5,22625.822783,534
23/01/2017,6,24976.20253,535
23/01/2017,7,24033.41772,536
23/01/2017,8,25929.113925,537
23/01/2017,9,29134.177215,538
23/01/2017,10,32703.797467,539
23/01/2017,11,35515.949365,540
23/01/2017,12,36889.113925,541
23/01/2017,13,36936.708857,542
23/01/2017,14,36072.911392,543
23/01/2017,15,35160.506328,544
23/01/2017,16,34908.354432,545
23/01/2017,17,37594.936708,546
23/01/2017,18,44618.734177,547
23/01/2017,19,44755.443038,548
23/01/2017,20,44518.481012,549
23/01/2017,21,42670.379747,550
23/01/2017,22,38675.443037,551
23/01/2017,23,33011.64557,552
24/01/2017,0,27886.582278,553
24/01/2017,1,24629.873417,554
24/01/2017,2,23008.607595,555
24/01/2017,3,22133.670887,556
24/01/2017,4,22076.962025,557
24/01/2017,5,23046.075948,558
24/01/2017,6,24930.63291,559
24/01/2017,7,23042.02532,560
24/01/2017,8,25486.58228,561
24/01/2017,9,29291.13924,562
24/01/2017,10,30943.797467,563
24/01/2017,11,30931.645568,564
24/01/2017,12,32190.379747,565
24/01/2017,13,32623.797468,566
24/01/2017,14,33369.113925,567
24/01/2017,15,34312.911393,568
24/01/2017,16,33389.367088,569
24/01/2017,17,36678.481013,570
24/01/2017,18,44408.101267,571
24/01/2017,19,43966.582278,572
24/01/2017,20,43947.341772,573
24/01/2017,21,43082.531647,574
24/01/2017,22,39488.607595,575
24/01/2017,23,33133.164558,576
25/01/2017,0,27882.531645,577
25/01/2017,1,24542.784808,578
25/01/2017,2,22920.506328,579
25/01/2017,3,22469.873418,580
25/01/2017,4,22294.683545,581
25/01/2017,5,23135.189873,582
25/01/2017,6,25325.569622,583
25/01/2017,7,23406.582278,584
25/01/2017,8,25622.278482,585
25/01/2017,9,29473.417722,586
25/01/2017,10,32845.569622,587
25/01/2017,11,35299.240508,588
25/01/2017,12,35942.27848,589
25/01/2017,13,36245.06329,590
25/01/2017,14,35467.341772,591
25/01/2017,15,34469.873418,592
25/01/2017,16,33534.177215,593
25/01/2017,17,36339.240508,594
25/01/2017,18,44290.632915,595
25/01/2017,19,44446.582278,596
25/01/2017,20,44362.531645,597
25/01/2017,21,42670.379745,598
25/01/2017,22,39180.759493,599
25/01/2017,23,33121.012658,600
26/01/2017,0,28070.886077,601
26/01/2017,1,25005.56962,602
26/01/2017,2,23204.050633,603
26/01/2017,3,22477.974682,604
26/01/2017,4,22117.468353,605
26/01/2017,5,23380.253165,606
26/01/2017,6,25195.949365,607
26/01/2017,7,23696.202533,608
26/01/2017,8,25499.746837,609
26/01/2017,9,29645.56962,610
26/01/2017,10,33290.126582,611
26/01/2017,11,35791.392405,612
26/01/2017,12,36252.1519,613
26/01/2017,13,36018.227848,614
26/01/2017,14,35372.1519,615
26/01/2017,15,35218.227848,616
26/01/2017,16,35508.86076,617
26/01/2017,17,38465.822785,618
26/01/2017,18,45528.101265,619
26/01/2017,19,45252.658228,620
26/01/2017,20,45002.531645,621
26/01/2017,21,42453.670888,622
26/01/2017,22,38622.78481,623
26/01/2017,23,33601.01266,624
27/01/2017,0,28407.088608,625
27/01/2017,1,25081.518987,626
27/01/2017,2,23086.582278,627
27/01/2017,3,22078.987338,628
27/01/2017,4,21867.341773,629
27/01/2017,5,22884.050633,630
27/01/2017,6,24036.455695,631
27/01/2017,7,22748.354428,632
27/01/2017,8,24949.873417,633
27/01/2017,9,29556.455695,634
27/01/2017,10,33206.075948,635
27/01/2017,11,35648.607593,636
27/01/2017,12,34978.227848,637
27/01/2017,13,35557.468353,638
27/01/2017,14,35467.34177,639
27/01/2017,15,35124.050632,640
27/01/2017,16,35521.012657,641
27/01/2017,17,38371.64557,642
27/01/2017,18,44807.088607,643
27/01/2017,19,43668.86076,644
27/01/2017,20,43597.974683,645
27/01/2017,21,42120.50633,646
27/01/2017,22,38663.291138,647
27/01/2017,23,33693.164557,648
28/01/2017,0,28672.405063,649
28/01/2017,1,25052.151897,650
28/01/2017,2,23386.329115,651
28/01/2017,3,22582.278478,652
28/01/2017,4,22348.354428,653
28/01/2017,5,23020.75949,654
28/01/2017,6,23722.531647,655
28/01/2017,7,21041.012658,656
28/01/2017,8,23819.746837,657
28/01/2017,9,27984.810127,658
28/01/2017,10,31458.22785,659
28/01/2017,11,34112.405063,660
28/01/2017,12,34904.303798,661
28/01/2017,13,35019.746835,662
28/01/2017,14,34273.417722,663
28/01/2017,15,32680.506328,664
28/01/2017,16,31902.78481,665
28/01/2017,17,33992.911392,666
28/01/2017,18,42568.101265,667
28/01/2017,19,42923.544303,668
28/01/2017,20,42345.316457,669
28/01/2017,21,41107.848102,670
28/01/2017,22,38176.202533,671
28/01/2017,23,34061.772153,672
29/01/2017,0,28744.303797,673
29/01/2017,1,24900.253165,674
29/01/2017,2,22540.759493,675
29/01/2017,3,21604.050635,676
29/01/2017,4,21353.924053,677
29/01/2017,5,21920,678
29/01/2017,6,22760.506328,679
29/01/2017,7,19628.354432,680
29/01/2017,8,20831.392407,681
29/01/2017,9,23846.07595,682
29/01/2017,10,27927.088608,683
29/01/2017,11,30428.354432,684
29/01/2017,12,31742.784808,685
29/01/2017,13,32190.37975,686
29/01/2017,14,31466.329115,687
29/01/2017,15,30378.734177,688
29/01/2017,16,28972.151898,689
29/01/2017,17,30597.468353,690
29/01/2017,18,38810.126582,691
29/01/2017,19,39474.43038,692
29/01/2017,20,40016.202532,693
29/01/2017,21,40339.240507,694
29/01/2017,22,38157.974683,695
29/01/2017,23,33623.291138,696
30/01/2017,0,28703.797468,697
30/01/2017,1,24877.974683,698
30/01/2017,2,22955.949368,699
30/01/2017,3,22141.772152,700
30/01/2017,4,21984.810128,701
30/01/2017,5,22470.886077,702
30/01/2017,6,23734.683543,703
30/01/2017,7,21166.582278,704
30/01/2017,8,24272.405063,705
30/01/2017,9,27939.240505,706
30/01/2017,10,31918.98734,707
30/01/2017,11,34401.012658,708
30/01/2017,12,35185.822783,709
30/01/2017,13,35052.151898,710
30/01/2017,14,34615.696202,711
30/01/2017,15,33869.367088,712
30/01/2017,16,33227.341772,713
30/01/2017,17,34803.037975,714
30/01/2017,18,42957.974683,715
30/01/2017,19,43094.683545,716
30/01/2017,20,43088.607597,717
30/01/2017,21,41838.987343,718
30/01/2017,22,38748.354432,719
30/01/2017,23,33526.075948,720
31/01/2017,0,28500.253165,721
31/01/2017,1,25238.481015,722
31/01/2017,2,23733.670887,723
31/01/2017,3,22492.151898,724
31/01/2017,4,22136.70886,725
31/01/2017,5,22829.367088,726
31/01/2017,6,24680.50633,727
31/01/2017,7,22403.037972,728
31/01/2017,8,24977.21519,729
31/01/2017,9,29006.582278,730
31/01/2017,10,32135.696202,731
31/01/2017,11,34257.21519,732
31/01/2017,12,34963.037975,733
31/01/2017,13,34911.392405,734
31/01/2017,14,33957.468355,735
31/01/2017,15,33243.544303,736
31/01/2017,16,32496.202532,737
31/01/2017,17,34795.949367,738
31/01/2017,18,42857.721518,739
31/01/2017,19,42843.544303,740
31/01/2017,20,43023.79747,741
31/01/2017,21,41560.50633,742
31/01/2017,22,38052.658228,743
31/01/2017,23,33158.48101,744
01/02/2017,0,28172.542372,745
01/02/2017,1,25288.474577,746
01/02/2017,2,23351.18644,747
01/02/2017,3,22359.661017,748
01/02/2017,4,22213.220338,749
01/02/2017,5,22843.728813,750
01/02/2017,6,24146.440677,751
01/02/2017,7,21052.881357,752
01/02/2017,8,23725.423727,753
01/02/2017,9,26892.20339,754
01/02/2017,10,30457.62712,755
01/02/2017,11,33467.79661,756
01/02/2017,12,34818.305087,757
01/02/2017,13,34741.01695,758
01/02/2017,14,34357.62712,759
01/02/2017,15,33722.033898,760
01/02/2017,16,33081.355932,761
01/02/2017,17,34508.135593,762
01/02/2017,18,43026.101697,763
01/02/2017,19,43457.288135,764
01/02/2017,20,42988.474577,765
01/02/2017,21,41753.898305,766
01/02/2017,22,38633.898305,767
01/02/2017,23,33921.355933,768
02/02/2017,0,28840.677967,769
02/02/2017,1,25653.559323,770
02/02/2017,2,23737.627118,771
02/02/2017,3,23001.355932,772
02/02/2017,4,22627.118645,773
02/02/2017,5,23176.271185,774
02/02/2017,6,24233.898302,775
02/02/2017,7,21895.932205,776
02/02/2017,8,24453.559323,777
02/02/2017,9,28283.389832,778
02/02/2017,10,31821.355933,779
02/02/2017,11,34241.694917,780
02/02/2017,12,35466.101693,781
02/02/2017,13,35698.98305,782
02/02/2017,14,34854.915253,783
02/02/2017,15,34916.949153,784
02/02/2017,16,34286.440678,785
02/02/2017,17,35731.525425,786
02/02/2017,18,43570.169492,787
02/02/2017,19,43256.949152,788
02/02/2017,20,43035.254238,789
02/02/2017,21,41303.389828,790
02/02/2017,22,37837.627118,791
02/02/2017,23,33217.627117,792
03/02/2017,0,28589.491525,793
03/02/2017,1,25417.62712,794
03/02/2017,2,23666.440678,795
03/02/2017,3,22928.135593,796
03/02/2017,4,22885.42373,797
03/02/2017,5,23596.271185,798
03/02/2017,6,24388.474575,799
03/02/2017,7,21600.000002,800
03/02/2017,8,24137.288135,801
03/02/2017,9,28094.23729,802
03/02/2017,10,31423.728813,803
03/02/2017,11,33628.474573,804
03/02/2017,12,32729.491523,805
03/02/2017,13,32462.0339,806
03/02/2017,14,32350.169492,807
03/02/2017,15,31825.42373,808
03/02/2017,16,31406.440678,809
03/02/2017,17,32621.694917,810
03/02/2017,18,40895.59322,811
03/02/2017,19,41218.983052,812
03/02/2017,20,41316.61017,813
03/02/2017,21,39773.898305,814
03/02/2017,22,37381.016948,815
03/02/2017,23,33327.457627,816
04/02/2017,0,28849.830507,817
04/02/2017,1,25538.644068,818
04/02/2017,2,23695.932203,819
04/02/2017,3,22654.576272,820
04/02/2017,4,22301.694915,821
04/02/2017,5,23194.576272,822
04/02/2017,6,23746.779663,823
04/02/2017,7,20790.508477,824
04/02/2017,8,22753.220337,825
04/02/2017,9,27128.135592,826
04/02/2017,10,31021.016952,827
04/02/2017,11,33339.661018,828
04/02/2017,12,34263.050847,829
04/02/2017,13,33941.694917,830
04/02/2017,14,33882.711863,831
04/02/2017,15,32074.576272,832
04/02/2017,16,31310.847458,833
04/02/2017,17,32930.847457,834
04/02/2017,18,41090.847458,835
04/02/2017,19,41698.983052,836
04/02/2017,20,40801.016948,837
04/02/2017,21,39712.881355,838
04/02/2017,22,36664.067797,839
04/02/2017,23,32612.542372,840
05/02/2017,0,28068.81356,841
05/02/2017,1,24791.18644,842
05/02/2017,2,22713.559322,843
05/02/2017,3,21679.322033,844
05/02/2017,4,21509.491528,845
05/02/2017,5,21921.355932,846
05/02/2017,6,21850.16949,847
05/02/2017,7,18455.593222,848
05/02/2017,8,19477.627118,849
05/02/2017,9,22492.881357,850
05/02/2017,10,25870.16949,851
05/02/2017,11,28730.847457,852
05/02/2017,12,30022.372882,853
05/02/2017,13,30738.305087,854
05/02/2017,14,30136.271187,855
05/02/2017,15,29216.949152,856
05/02/2017,16,28004.745763,857
05/02/2017,17,28943.38983,858
05/02/2017,18,37625.084745,859
05/02/2017,19,39110.847458,860
05/02/2017,20,39199.322035,861
05/02/2017,21,38495.59322,862
05/02/2017,22,36956.949153,863
05/02/2017,23,32230.169493,864
06/02/2017,0,27643.728813,865
06/02/2017,1,24456.610168,866
06/02/2017,2,22840.677967,867
06/02/2017,3,22010.847457,868
06/02/2017,4,21822.711863,869
06/02/2017,5,22631.18644,870
06/02/2017,6,23244.406778,871
06/02/2017,7,20829.152543,872
06/02/2017,8,23543.389832,873
06/02/2017,9,27411.864407,874
06/02/2017,10,30993.559323,875
06/02/2017,11,33154.57627,876
06/02/2017,12,34112.542375,877
06/02/2017,13,33669.152542,878
06/02/2017,14,33209.491525,879
06/02/2017,15,32669.491527,880
06/02/2017,16,31565.084747,881
06/02/2017,17,32368.474577,882
06/02/2017,18,41020.677965,883
06/02/2017,19,41829.15254,884
06/02/2017,20,41846.440677,885
06/02/2017,21,40136.949153,886
06/02/2017,22,37309.83051,887
06/02/2017,23,32655.254237,888
07/02/2017,0,27538.98305,889
07/02/2017,1,24531.864408,890
07/02/2017,2,23066.44068,891
07/02/2017,3,22287.457627,892
07/02/2017,4,22338.305083,893
07/02/2017,5,23040,894
07/02/2017,6,23720.338983,895
07/02/2017,7,21077.288137,896
07/02/2017,8,23766.101695,897
07/02/2017,9,27814.576272,898
07/02/2017,10,31033.22034,899
07/02/2017,11,33565.423727,900
07/02/2017,12,34052.542373,901
07/02/2017,13,34037.288135,902
07/02/2017,14,33563.38983,903
07/02/2017,15,32832.203392,904
07/02/2017,16,31540.677967,905
07/02/2017,17,32829.152542,906
07/02/2017,18,41173.220342,907
07/02/2017,19,41587.118645,908
07/02/2017,20,41333.898305,909
07/02/2017,21,40120.677965,910
07/02/2017,22,37333.220337,911
07/02/2017,23,32901.355932,912
08/02/2017,0,27966.101693,913
08/02/2017,1,24776.949152,914
08/02/2017,2,23193.559322,915
08/02/2017,3,22249.830508,916
08/02/2017,4,22107.45763,917
08/02/2017,5,23013.559323,918
08/02/2017,6,23604.40678,919
08/02/2017,7,21206.440677,920
08/02/2017,8,24068.135593,921
08/02/2017,9,27895.932205,922
08/02/2017,10,30524.745763,923
08/02/2017,11,32975.59322,924
08/02/2017,12,33777.966103,925
08/02/2017,13,33950.84746,926
08/02/2017,14,32930.847458,927
08/02/2017,15,32457.9661,928
08/02/2017,16,31667.796612,929
08/02/2017,17,32431.525422,930
08/02/2017,18,40898.644067,931
08/02/2017,19,41652.20339,932
08/02/2017,20,41754.915253,933
08/02/2017,21,40429.830507,934
08/02/2017,22,37174.57627,935
08/02/2017,23,32566.77966,936
09/02/2017,0,28252.881357,937
09/02/2017,1,24952.881357,938
09/02/2017,2,23156.949153,939
09/02/2017,3,22269.15254,940
09/02/2017,4,22706.440678,941
09/02/2017,5,23360.338983,942
09/02/2017,6,23470.169492,943
09/02/2017,7,21018.305085,944
09/02/2017,8,23693.898303,945
09/02/2017,9,27317.288135,946
09/02/2017,10,30429.152543,947
09/02/2017,11,32617.627118,948
09/02/2017,12,33796.271188,949
09/02/2017,13,33461.694917,950
09/02/2017,14,33327.457628,951
09/02/2017,15,32665.423727,952
09/02/2017,16,32157.9661,953
09/02/2017,17,33030.508473,954
09/02/2017,18,41154.915253,955
09/02/2017,19,41431.525422,956
09/02/2017,20,41607.457627,957
09/02/2017,21,40235.593222,958
09/02/2017,22,37764.40678,959
09/02/2017,23,33258.305085,960
10/02/2017,0,28492.881357,961
10/02/2017,1,25236.610172,962
10/02/2017,2,23356.271188,963
10/02/2017,3,22349.491525,964
10/02/2017,4,22409.491525,965
10/02/2017,5,23235.254238,966
10/02/2017,6,23542.372882,967
10/02/2017,7,21601.01695,968
10/02/2017,8,24167.79661,969
10/02/2017,9,24009.152543,970
10/02/2017,10,28217.288137,971
10/02/2017,11,30434.237288,972
10/02/2017,12,30773.898307,973
10/02/2017,13,31325.084747,974
10/02/2017,14,32817.966102,975
10/02/2017,15,34133.898305,976
10/02/2017,16,35199.661018,977
10/02/2017,17,36808.474577,978
10/02/2017,18,42954.915253,979
10/02/2017,19,42746.440678,980
10/02/2017,20,42294.915253,981
10/02/2017,21,40395.254238,982
10/02/2017,22,37217.288135,983
10/02/2017,23,33295.932202,984
11/02/2017,0,28397.288135,985
11/02/2017,1,25130.847458,986
11/02/2017,2,23472.20339,987
11/02/2017,3,22478.644068,988
11/02/2017,4,22174.576272,989
11/02/2017,5,23248.474575,990
11/02/2017,6,23439.661017,991
11/02/2017,7,20712.20339,992
11/02/2017,8,22921.016948,993
11/02/2017,9,26440.677967,994
11/02/2017,10,30461.694918,995
11/02/2017,11,33016.271187,996
11/02/2017,12,34001.694915,997
11/02/2017,13,34365.762713,998
11/02/2017,14,34158.305085,999
11/02/2017,15,33336.610172,1000
11/02/2017,16,33714.915255,1001
11/02/2017,17,34611.864408,1002
11/02/2017,18,41731.525422,1003
11/02/2017,19,43072.881355,1004
11/02/2017,20,42277.627118,1005
11/02/2017,21,40531.525423,1006
11/02/2017,22,37740,1007
11/02/2017,23,33827.79661,1008
12/02/2017,0,29035.932202,1009
12/02/2017,1,25476.61017,1010
12/02/2017,2,23300.338982,1011
12/02/2017,3,22223.389832,1012
12/02/2017,4,21827.79661,1013
12/02/2017,5,22622.033897,1014
12/02/2017,6,22328.135593,1015
12/02/2017,7,19239.661017,1016
12/02/2017,8,19949.491525,1017
12/02/2017,9,22930.169493,1018
12/02/2017,10,26718.305085,1019
12/02/2017,11,29840.338983,1020
12/02/2017,12,32233.220338,1021
12/02/2017,13,33427.118643,1022
12/02/2017,14,33415.932203,1023
12/02/2017,15,32461.016952,1024
12/02/2017,16,31994.237288,1025
12/02/2017,17,34186.779662,1026
12/02/2017,18,41546.440678,1027
12/02/2017,19,42897.966102,1028
12/02/2017,20,43332.20339,1029
12/02/2017,21,39024.40678,1030
12/02/2017,22,37397.288137,1031
12/02/2017,23,32052.20339,1032
13/02/2017,0,27457.627118,1033
13/02/2017,1,24699.661017,1034
13/02/2017,2,23251.525425,1035
13/02/2017,3,22372.881358,1036
13/02/2017,4,22283.389832,1037
13/02/2017,5,23600.338982,1038
13/02/2017,6,24388.474577,1039
13/02/2017,7,24268.474575,1040
13/02/2017,8,26246.440678,1041
13/02/2017,9,29490.508475,1042
13/02/2017,10,32599.322035,1043
13/02/2017,11,34753.22034,1044
13/02/2017,12,36746.440677,1045
13/02/2017,13,38398.983052,1046
13/02/2017,14,36230.847457,1047
13/02/2017,15,35532.20339,1048
13/02/2017,16,34823.389832,1049
13/02/2017,17,35093.898305,1050
13/02/2017,18,43058.644067,1051
13/02/2017,19,44152.881357,1052
13/02/2017,20,44059.322033,1053
13/02/2017,21,42099.661018,1054
13/02/2017,22,38153.898305,1055
13/02/2017,23,32650.169492,1056
14/02/2017,0,27930.508475,1057
14/02/2017,1,24953.898307,1058
14/02/2017,2,23179.322033,1059
14/02/2017,3,22387.118647,1060
14/02/2017,4,22696.271187,1061
14/02/2017,5,23941.016948,1062
14/02/2017,6,24434.237288,1063
14/02/2017,7,24242.033898,1064
14/02/2017,8,25103.38983,1065
14/02/2017,9,27499.322033,1066
14/02/2017,10,29987.79661,1067
14/02/2017,11,32075.59322,1068
14/02/2017,12,32955.25424,1069
14/02/2017,13,32945.084747,1070
14/02/2017,14,32275.932203,1071
14/02/2017,15,28078.98305,1072
14/02/2017,16,28557.966103,1073
14/02/2017,17,29089.830508,1074
14/02/2017,18,37495.932202,1075
14/02/2017,19,38586.101695,1076
14/02/2017,20,37998.305085,1077
14/02/2017,21,36932.542373,1078
14/02/2017,22,36271.525423,1079
14/02/2017,23,32650.169493,1080
15/02/2017,0,27596.949153,1081
15/02/2017,1,24499.322035,1082
15/02/2017,2,22613.898303,1083
15/02/2017,3,22138.983052,1084
15/02/2017,4,22405.423727,1085
15/02/2017,5,23249.491527,1086
15/02/2017,6,23559.661018,1087
15/02/2017,7,23621.694918,1088
15/02/2017,8,26373.559323,1089
15/02/2017,9,26426.440678,1090
15/02/2017,10,28178.644068,1091
15/02/2017,11,30052.881355,1092
15/02/2017,12,33676.271187,1093
15/02/2017,13,35156.949153,1094
15/02/2017,14,33987.45763,1095
15/02/2017,15,33975.254238,1096
15/02/2017,16,33940.677965,1097
15/02/2017,17,34533.559322,1098
15/02/2017,18,41194.576272,1099
15/02/2017,19,42335.59322,1100
15/02/2017,20,43020.000002,1101
15/02/2017,21,40627.118643,1102
15/02/2017,22,37104.40678,1103
15/02/2017,23,31788.813557,1104
16/02/2017,0,27250.169492,1105
16/02/2017,1,24471.864405,1106
16/02/2017,2,23010.508475,1107
16/02/2017,3,22154.237288,1108
16/02/2017,4,22389.15254,1109
16/02/2017,5,23505.762712,1110
16/02/2017,6,23826.101693,1111
16/02/2017,7,24067.118643,1112
16/02/2017,8,26821.016948,1113
16/02/2017,9,30328.474577,1114
16/02/2017,10,32229.152542,1115
16/02/2017,11,34018.983052,1116
16/02/2017,12,35132.542372,1117
16/02/2017,13,34000.677967,1118
16/02/2017,14,33246.101697,1119
16/02/2017,15,33097.627118,1120
16/02/2017,16,31673.898303,1121
16/02/2017,17,32752.881355,1122
16/02/2017,18,41003.389832,1123
16/02/2017,19,42336.610168,1124
16/02/2017,20,42852.203392,1125
16/02/2017,21,41491.525422,1126
16/02/2017,22,38227.118643,1127
16/02/2017,23,32704.067795,1128
17/02/2017,0,27859.322033,1129
17/02/2017,1,24782.033898,1130
17/02/2017,2,23051.18644,1131
17/02/2017,3,22270.16949,1132
17/02/2017,4,22391.18644,1133
17/02/2017,5,23533.22034,1134
17/02/2017,6,24032.542373,1135
17/02/2017,7,24333.559323,1136
17/02/2017,8,26004.406778,1137
17/02/2017,9,29302.37288,1138
17/02/2017,10,32165.084747,1139
17/02/2017,11,34347.457628,1140
17/02/2017,12,33870.508475,1141
17/02/2017,13,34212.20339,1142
17/02/2017,14,34537.627117,1143
17/02/2017,15,34091.18644,1144
17/02/2017,16,33861.355933,1145
17/02/2017,17,34652.542373,1146
17/02/2017,18,41749.830507,1147
17/02/2017,19,42770.847462,1148
17/02/2017,20,42604.067797,1149
17/02/2017,21,41326.77966,1150
17/02/2017,22,38195.593222,1151
17/02/2017,23,33685.42373,1152
18/02/2017,0,28761.355933,1153
18/02/2017,1,25508.135593,1154
18/02/2017,2,23629.830508,1155
18/02/2017,3,23013.559322,1156
18/02/2017,4,22895.593218,1157
18/02/2017,5,23510.847457,1158
18/02/2017,6,22280.338983,1159
18/02/2017,7,22576.271185,1160
18/02/2017,8,25126.779662,1161
18/02/2017,9,28952.542372,1162
18/02/2017,10,32504.745765,1163
18/02/2017,11,34576.271185,1164
18/02/2017,12,34898.644067,1165
18/02/2017,13,35106.101693,1166
18/02/2017,14,34455.254238,1167
18/02/2017,15,33575.59322,1168
18/02/2017,16,31978.983052,1169
18/02/2017,17,32592.203388,1170
18/02/2017,18,40746.101693,1171
18/02/2017,19,42762.711862,1172
18/02/2017,20,42569.491525,1173
18/02/2017,21,41038.983052,1174
18/02/2017,22,37734.915255,1175
18/02/2017,23,33581.694917,1176
19/02/2017,0,28785.76271,1177
19/02/2017,1,25290.508473,1178
19/02/2017,2,22760.338983,1179
19/02/2017,3,21740.338983,1180
19/02/2017,4,21451.525425,1181
19/02/2017,5,22492.881355,1182
19/02/2017,6,21838.98305,1183
19/02/2017,7,19241.694915,1184
19/02/2017,8,20935.932202,1185
19/02/2017,9,24131.18644,1186
19/02/2017,10,27731.18644,1187
19/02/2017,11,30549.15254,1188
19/02/2017,12,30230.847457,1189
19/02/2017,13,32249.491527,1190
19/02/2017,14,34098.305083,1191
19/02/2017,15,33934.576272,1192
19/02/2017,16,33163.728815,1193
19/02/2017,17,33894.915255,1194
19/02/2017,18,41199.661018,1195
19/02/2017,19,42458.644065,1196
19/02/2017,20,42582.711865,1197
19/02/2017,21,41047.118645,1198
19/02/2017,22,37458.305085,1199
19/02/2017,23,31957.627117,1200
20/02/2017,0,27072.203392,1201
20/02/2017,1,24227.79661,1202
20/02/2017,2,22307.79661,1203
20/02/2017,3,21259.322033,1204
20/02/2017,4,21313.22034,1205
20/02/2017,5,22711.525427,1206
20/02/2017,6,22995.254237,1207
20/02/2017,7,23447.79661,1208
20/02/2017,8,25617.9661,1209
20/02/2017,9,28571.186442,1210
20/02/2017,10,32449.830508,1211
20/02/2017,11,35701.016948,1212
20/02/2017,12,37735.932205,1213
20/02/2017,13,37916.949152,1214
20/02/2017,14,36457.627118,1215
20/02/2017,15,36114.915255,1216
20/02/2017,16,36675.254237,1217
20/02/2017,17,38658.305085,1218
20/02/2017,18,43642.372882,1219
20/02/2017,19,43874.237287,1220
20/02/2017,20,43647.457625,1221
20/02/2017,21,41381.694915,1222
20/02/2017,22,36550.169495,1223
20/02/2017,23,31036.271185,1224
21/02/2017,0,26677.627117,1225
21/02/2017,1,23766.101693,1226
21/02/2017,2,22047.457627,1227
21/02/2017,3,21421.016948,1228
21/02/2017,4,21444.406778,1229
21/02/2017,5,22430.847458,1230
21/02/2017,6,22581.355932,1231
21/02/2017,7,22948.474575,1232
21/02/2017,8,25008.813557,1233
21/02/2017,9,28493.898305,1234
21/02/2017,10,32168.135592,1235
21/02/2017,11,35314.57627,1236
21/02/2017,12,37352.542373,1237
21/02/2017,13,38071.525425,1238
21/02/2017,14,37189.830508,1239
21/02/2017,15,36151.525423,1240
21/02/2017,16,35268.813558,1241
21/02/2017,17,37351.525423,1242
21/02/2017,18,42227.796608,1243
21/02/2017,19,43938.305083,1244
21/02/2017,20,43608.813558,1245
21/02/2017,21,41382.711865,1246
21/02/2017,22,37358.644068,1247
21/02/2017,23,32211.864405,1248
22/02/2017,0,27279.661017,1249
22/02/2017,1,24242.0339,1250
22/02/2017,2,23736.610168,1251
22/02/2017,3,23234.237288,1252
22/02/2017,4,23244.406778,1253
22/02/2017,5,24737.288135,1254
22/02/2017,6,24713.898305,1255
22/02/2017,7,25612.881355,1256
22/02/2017,8,28191.864408,1257
22/02/2017,9,30108.81356,1258
22/02/2017,10,31825.423732,1259
22/02/2017,11,33977.288135,1260
22/02/2017,12,35576.949153,1261
22/02/2017,13,35199.661017,1262
22/02/2017,14,34765.423728,1263
22/02/2017,15,34101.355933,1264
22/02/2017,16,34538.644068,1265
22/02/2017,17,33951.864407,1266
22/02/2017,18,40543.728813,1267
22/02/2017,19,42101.694917,1268
22/02/2017,20,42027.457625,1269
22/02/2017,21,40299.661017,1270
22/02/2017,22,36662.0339,1271
22/02/2017,23,32120.338982,1272
23/02/2017,0,28552.881357,1273
23/02/2017,1,25207.118643,1274
23/02/2017,2,23192.542373,1275
23/02/2017,3,22455.254238,1276
23/02/2017,4,21903.05085,1277
23/02/2017,5,23599.322035,1278
23/02/2017,6,23383.728815,1279
23/02/2017,7,23538.305083,1280
23/02/2017,8,26663.389832,1281
23/02/2017,9,30521.694915,1282
23/02/2017,10,34209.152543,1283
23/02/2017,11,36642.711863,1284
23/02/2017,12,38513.898307,1285
23/02/2017,13,37539.661017,1286
23/02/2017,14,36582.711865,1287
23/02/2017,15,35308.474578,1288
23/02/2017,16,34147.118645,1289
23/02/2017,17,33825.762712,1290
23/02/2017,18,41771.186442,1291
23/02/2017,19,44492.542373,1292
23/02/2017,20,44400.000002,1293
23/02/2017,21,42890.847457,1294
23/02/2017,22,39285.762712,1295
23/02/2017,23,34023.050847,1296
24/02/2017,0,28726.77966,1297
24/02/2017,1,25129.830508,1298
24/02/2017,2,23477.288135,1299
24/02/2017,3,22647.457627,1300
24/02/2017,4,22348.474575,1301
24/02/2017,5,23808.813562,1302
24/02/2017,6,23357.288137,1303
24/02/2017,7,23358.305085,1304
24/02/2017,8,25747.118645,1305
24/02/2017,9,29096.949153,1306
24/02/2017,10,31914.915253,1307
24/02/2017,11,32838.305083,1308
24/02/2017,12,32851.525423,1309
24/02/2017,13,33538.98305,1310
24/02/2017,14,33442.372882,1311
24/02/2017,15,33026.440675,1312
24/02/2017,16,32414.237288,1313
24/02/2017,17,32174.23729,1314
24/02/2017,18,40524.40678,1315
24/02/2017,19,43633.220338,1316
24/02/2017,20,43765.423727,1317
24/02/2017,21,42080.338985,1318
24/02/2017,22,37716.61017,1319
24/02/2017,23,32619.661018,1320
25/02/2017,0,27706.77966,1321
25/02/2017,1,24273.559325,1322
25/02/2017,2,22733.898307,1323
25/02/2017,3,21963.050848,1324
25/02/2017,4,21720,1325
25/02/2017,5,22839.661017,1326
25/02/2017,6,21738.305083,1327
25/02/2017,7,20877.966102,1328
25/02/2017,8,23669.491525,1329
25/02/2017,9,27611.18644,1330
25/02/2017,10,31428.813558,1331
25/02/2017,11,33560.338983,1332
25/02/2017,12,34252.881357,1333
25/02/2017,13,33907.118643,1334
25/02/2017,14,33209.491527,1335
25/02/2017,15,32722.372883,1336
25/02/2017,16,31536.61017,1337
25/02/2017,17,31212.20339,1338
25/02/2017,18,38795.593222,1339
25/02/2017,19,42579.661017,1340
25/02/2017,20,42541.016948,1341
25/02/2017,21,41154.915253,1342
25/02/2017,22,38732.542373,1343
25/02/2017,23,34443.050847,1344
26/02/2017,0,29470.16949,1345
26/02/2017,1,25845.762712,1346
26/02/2017,2,23820.000002,1347
26/02/2017,3,22842.711867,1348
26/02/2017,4,22677.966102,1349
26/02/2017,5,23643.050848,1350
26/02/2017,6,21879.661017,1351
26/02/2017,7,20132.542373,1352
26/02/2017,8,21775.932203,1353
26/02/2017,9,25354.576272,1354
26/02/2017,10,29081.694913,1355
26/02/2017,11,31547.796612,1356
26/02/2017,12,32376.610168,1357
26/02/2017,13,32933.898307,1358
26/02/2017,14,31751.18644,1359
26/02/2017,15,31041.355933,1360
26/02/2017,16,29988.813558,1361
26/02/2017,17,30367.118647,1362
26/02/2017,18,37736.949152,1363
26/02/2017,19,41456.949152,1364
26/02/2017,20,42070.169492,1365
26/02/2017,21,41140.677968,1366
26/02/2017,22,38300.338985,1367
26/02/2017,23,32956.271188,1368
27/02/2017,0,28030.169492,1369
27/02/2017,1,24743.38983,1370
27/02/2017,2,23143.728815,1371
27/02/2017,3,22083.050848,1372
27/02/2017,4,22562.0339,1373
27/02/2017,5,23775.254237,1374
27/02/2017,6,22880.338982,1375
27/02/2017,7,23185.423728,1376
27/02/2017,8,25886.440682,1377
27/02/2017,9,28685.084745,1378
27/02/2017,10,31726.779662,1379
27/02/2017,11,33572.542375,1380
27/02/2017,12,34404.406778,1381
27/02/2017,13,34462.372882,1382
27/02/2017,14,34604.74576,1383
27/02/2017,15,34070.847457,1384
27/02/2017,16,32949.152543,1385
27/02/2017,17,32153.898305,1386
27/02/2017,18,40316.949152,1387
27/02/2017,19,43670.847457,1388
27/02/2017,20,43568.135592,1389
27/02/2017,21,41733.559322,1390
27/02/2017,22,37900.677967,1391
27/02/2017,23,32341.016952,1392
28/02/2017,0,27467.796612,1393
28/02/2017,1,24588.813562,1394
28/02/2017,2,23110.16949,1395
28/02/2017,3,22471.525425,1396
28/02/2017,4,22365.762712,1397
28/02/2017,5,23824.067798,1398
28/02/2017,6,22553.898307,1399
28/02/2017,7,23066.440677,1400
28/02/2017,8,25686.101693,1401
28/02/2017,9,28198.98305,1402
28/02/2017,10,31946.440678,1403
28/02/2017,11,33883.728813,1404
28/02/2017,12,34955.593218,1405
28/02/2017,13,34837.62712,1406
28/02/2017,14,33360,1407
28/02/2017,15,32701.01695,1408
28/02/2017,16,32465.084745,1409
28/02/2017,17,32618.644067,1410
28/02/2017,18,40023.050848,1411
28/02/2017,19,43509.15254,1412
28/02/2017,20,43296.61017,1413
28/02/2017,21,41508.81356,1414
28/02/2017,22,37709.491527,1415
28/02/2017,23,32155.932202,1416
